Day,Caption,Hashtags,PostURL
1,How collaboration is reshaping supply chain resilience — and why the siloed approach is a liability in 2026. New on the blog 👇 https://www.supplychaindisaster.com/collaboration-supply-chain-resilience,"#SupplyChain #SCM #Resilience #Collaboration #SupplyChainManagement",https://www.supplychaindisaster.com/collaboration-supply-chain-resilience
2,Collaboration isn't just a soft skill — it's a hard cost driver. Here's how cross-company alignment cuts supply chain costs at scale. https://www.supplychaindisaster.com/collaboration-costs-supply-chains,"#SupplyChain #CostReduction #SCM #Procurement #GlobalSupplyChain",https://www.supplychaindisaster.com/collaboration-costs-supply-chains
3,Nearshoring sounds like the answer to every supply chain problem. Until it isn't. Why cross-functional buy-in is non-negotiable. https://www.supplychaindisaster.com/nearshoring-cross-functional-teams,"#Nearshoring #SupplyChain #SCM #Operations #RiskManagement",https://www.supplychaindisaster.com/nearshoring-cross-functional-teams
4,The Great KitKat Heist of 2026 is a masterclass in cargo security gaps. What it tells us about the state of supply chain vulnerability. https://www.supplychaindisaster.com/kitkat-cargo-theft-supply-chain,"#SupplyChain #CargoSecurity #Logistics #RiskManagement #SCM",https://www.supplychaindisaster.com/kitkat-cargo-theft-supply-chain
5,Reactive risk management was already struggling before 2026. Now it's broken. Here's what the data says about proactive vs. reactive SCM. https://www.supplychaindisaster.com/reactive-risk-management,"#SupplyChain #RiskManagement #SCM #Procurement #Operations",https://www.supplychaindisaster.com/reactive-risk-management
6,Your supply chain risk model might already be obsolete — and you won't know until it fails. Here's why static models can't keep up. https://www.supplychaindisaster.com/supply-chain-risk-model-obsolete,"#SupplyChain #RiskModel #SCM #Procurement #SupplyChainRisk",https://www.supplychaindisaster.com/supply-chain-risk-model-obsolete
7,5 Bayesian inference findings that are quietly reshaping how supply chain risk is measured and managed. Worth a read. https://www.supplychaindisaster.com/bayesian-inference-supply-chain-risk,"#SupplyChain #BayesianInference #DataScience #SCM #RiskManagement",https://www.supplychaindisaster.com/bayesian-inference-supply-chain-risk
8,Bayesian vs. traditional risk models in supply chains — the results might surprise you. A direct comparison. https://www.supplychaindisaster.com/bayesian-inference-vs-traditional,"#SupplyChain #BayesianInference #SCM #RiskManagement #Analytics",https://www.supplychaindisaster.com/bayesian-inference-vs-traditional
9,Why Bayesian inference consistently outperforms traditional risk models in supply chain scenarios. The case is now pretty clear. https://www.supplychaindisaster.com/bayesian-inference-beats-traditional,"#SupplyChain #BayesianInference #SCM #DataDriven #Operations",https://www.supplychaindisaster.com/bayesian-inference-beats-traditional
10,Supply chain resilience built on predictive analytics — not hope. How to make the shift in practice. https://www.supplychaindisaster.com/supply-chain-resilience-predictive-analytics,"#SupplyChain #PredictiveAnalytics #Resilience #SCM #DataDriven",https://www.supplychaindisaster.com/supply-chain-resilience-predictive-analytics
11,JIT is powerful — and fragile. Here's how to build a predictive analytics framework that specifically targets JIT risk before it hits. https://www.supplychaindisaster.com/predictive-analytics-jit-risk,"#JIT #JustInTime #SupplyChain #SCM #PredictiveAnalytics",https://www.supplychaindisaster.com/predictive-analytics-jit-risk
12,Complex adaptive systems aren't just an academic concept. Here's a practical guide to applying them in supply chain risk management. https://www.supplychaindisaster.com/predictive-risk-complex-adaptive-systems,"#SupplyChain #ComplexSystems #RiskManagement #SCM #Operations",https://www.supplychaindisaster.com/predictive-risk-complex-adaptive-systems
13,Stochastic optimization for supply chains: moving beyond deterministic planning models that break under uncertainty. https://www.supplychaindisaster.com/stochastic-optimization-supply-chains,"#SupplyChain #Optimization #SCM #Operations #InventoryManagement",https://www.supplychaindisaster.com/stochastic-optimization-supply-chains
14,Build a JIT vulnerability framework that actually works — step by step. Predictive risk management for time-sensitive supply chains. https://www.supplychaindisaster.com/jit-vulnerability-framework,"#JIT #SupplyChain #RiskManagement #SCM #Procurement",https://www.supplychaindisaster.com/jit-vulnerability-framework
15,JIT vs. Agile supply chains in 2026: which model holds up under disruption? An honest comparison. https://www.supplychaindisaster.com/jit-vs-agile-supply-chains,"#JIT #AgileSupplyChain #SCM #SupplyChain #Operations",https://www.supplychaindisaster.com/jit-vs-agile-supply-chains
16,Static inventory policies were designed for stable worlds. Here's how to build adaptive policies that respond to disruptions in real time. https://www.supplychaindisaster.com/adaptive-inventory-policies,"#InventoryManagement #SupplyChain #SCM #Operations #Resilience",https://www.supplychaindisaster.com/adaptive-inventory-policies
17,5 supply chain resilience strategies that are actually working in 2026 — backed by real operational data. https://www.supplychaindisaster.com/supply-chain-resilience-strategies-2026,"#SupplyChain #Resilience #SCM #Operations #SupplyChainStrategy",https://www.supplychaindisaster.com/supply-chain-resilience-strategies-2026
18,The resilient supply chain framework — built from the ground up. What it needs to survive multi-region disruptions. https://www.supplychaindisaster.com/resilient-supply-chain-framework,"#SupplyChain #Resilience #SCM #SupplyChainStrategy #Operations",https://www.supplychaindisaster.com/resilient-supply-chain-framework
19,SCRES strategies explained: how to build a resilient supply chain framework that holds under pressure. https://www.supplychaindisaster.com/scres-strategies-resilient-framework,"#SCRES #SupplyChain #Resilience #SCM #RiskManagement",https://www.supplychaindisaster.com/scres-strategies-resilient-framework
20,SCRES strategies look great on paper. Why they fail in practice without one critical component: redundancy. https://www.supplychaindisaster.com/scres-strategies-redundancy,"#SCRES #SupplyChain #Resilience #Redundancy #SCM",https://www.supplychaindisaster.com/scres-strategies-redundancy
21,7 supply chain resilience skills that separate supply chain leaders from managers — and how to build them. https://www.supplychaindisaster.com/supply-chain-resilience-skills,"#SupplyChain #Leadership #SCM #CareerDevelopment #Resilience",https://www.supplychaindisaster.com/supply-chain-resilience-skills
22,7 factors driving supply chain agility in 2026 — and which ones most companies are still getting wrong. https://www.supplychaindisaster.com/supply-chain-agility-factors,"#SupplyChain #Agility #SCM #Operations #SupplyChainManagement",https://www.supplychaindisaster.com/supply-chain-agility-factors
23,Redundancy or agility? Automotive supply chains are forcing a direct answer. Here's what they're choosing — and why. https://www.supplychaindisaster.com/redundancy-vs-agility-automotive,"#Automotive #SupplyChain #Resilience #SCM #Manufacturing",https://www.supplychaindisaster.com/redundancy-vs-agility-automotive
24,7 supply chain lessons from automotive manufacturing that apply across every industry — not just auto. https://www.supplychaindisaster.com/automotive-supply-chain-lessons,"#Automotive #SupplyChain #Manufacturing #SCM #Resilience",https://www.supplychaindisaster.com/automotive-supply-chain-lessons
25,Building a digital supply chain risk management system from scratch — architecture, signals, and decision triggers. https://www.supplychaindisaster.com/digital-supply-chain-risk-management,"#DigitalSupplyChain #RiskManagement #SCM #Technology #Operations",https://www.supplychaindisaster.com/digital-supply-chain-risk-management
26,Cybersecurity risk vs. financial risk in supply chains: how to weigh them and where most companies underinvest. https://www.supplychaindisaster.com/cybersecurity-vs-financial-risk,"#Cybersecurity #SupplyChain #RiskManagement #SCM #FinancialRisk",https://www.supplychaindisaster.com/cybersecurity-vs-financial-risk
27,Digital automation in supply chain management: a decision-making guide for operations teams navigating vendor overload. https://www.supplychaindisaster.com/digital-automation-supply-chain,"#SupplyChain #Automation #DigitalTransformation #SCM #Operations",https://www.supplychaindisaster.com/digital-automation-supply-chain
28,Real-time monitoring changes everything in supply chain visibility — here's how leading teams are building it now. https://www.supplychaindisaster.com/real-time-monitoring-supply-chain,"#SupplyChain #Visibility #RealTimeData #SCM #Logistics",https://www.supplychaindisaster.com/real-time-monitoring-supply-chain
29,7 signs your supply chain needs better visibility — and the blind spots that most ERP dashboards miss entirely. https://www.supplychaindisaster.com/supply-chain-visibility-signs,"#SupplyChain #Visibility #SCM #ERP #Operations",https://www.supplychaindisaster.com/supply-chain-visibility-signs
30,Why information technology in SCM isn't just an enabler — it's now the defining factor in supply chain survival. https://www.supplychaindisaster.com/information-technology-supply-chain,"#SupplyChain #Technology #SCM #DigitalTransformation #ITStrategy",https://www.supplychaindisaster.com/information-technology-supply-chain
